exercise_index,entity_id,original_question_id
0,ex0,1PTB02
1,ex1,1PTB03
2,ex2,1PTB04
3,ex3,1PTB05
4,ex4,1PTB06
5,ex5,1PTB07
6,ex6,1PTB08
7,ex7,1PTB09
8,ex8,1PTFB10
9,ex9,1PTFB11
10,ex10,1PTFB12
11,ex11,1PTFB13
12,ex12,1PTFB14
13,ex13,1PTFB15
14,ex14,1PTFB16
15,ex15,1PTFB17
16,ex16,1PTFB18
17,ex17,2PTFB10
18,ex18,2PTFB11
19,ex19,2PTFB12
20,ex20,2PTFB13
21,ex21,2PTFB14
22,ex22,2PTFB15
23,ex23,2PTFB16
24,ex24,2PTFB18
25,ex25,2PTFB19
26,ex26,2PTFB20
27,ex27,2PTFB21
28,ex28,2PTFB22
29,ex29,2PTS01
30,ex30,2PTS02
31,ex31,2PTS03
32,ex32,2PTS06
33,ex33,2PTS07
34,ex34,2PTS08
35,ex35,2X+3YGT9
36,ex36,2X+YGE6
37,ex37,3X-YLT6
38,ex38,4X-5YGT40
39,ex39,7X-4YGE15
40,ex40,BH1T02
41,ex41,BH1T02A
42,ex42,BH1T02B
43,ex43,BH1T02C
44,ex44,BH1T03
45,ex45,BH1T04
46,ex46,BH1T05
47,ex47,BH1T06
48,ex48,BH1T07
49,ex49,BH1T08
50,ex50,BH1T08A
51,ex51,BH1T08B
52,ex52,BH1T08C
53,ex53,BH1T09
54,ex54,BH1T10
55,ex55,BH1T10A
56,ex56,BH1T10B
57,ex57,BH1T10C
58,ex58,BH1T12
59,ex59,BH1T13
60,ex60,BH1T14
61,ex61,BH1T15
62,ex62,BH1T15A
63,ex63,BH1T15B
64,ex64,BH1T15C
65,ex65,BH1T17
66,ex66,BH1T17A
67,ex67,BH1T17B
68,ex68,BH1T17C
69,ex69,BH1T18
70,ex70,BH1T19
71,ex71,BH1T19A
72,ex72,BH1T19B
73,ex73,BH1T19C
74,ex74,BH1T20
75,ex75,BH1T21
76,ex76,BH1T21A
77,ex77,BH1T21B
78,ex78,BH1T21C
79,ex79,BH1T22
80,ex80,BH1T22A
81,ex81,BH1T22B
82,ex82,BH1T22C
83,ex83,BH1T23
84,ex84,BH1T23A
85,ex85,BH1T23B
86,ex86,BH1T23C
87,ex87,BH1T24
88,ex88,BH1T24A
89,ex89,BH1T24B
90,ex90,BH1T24C
91,ex91,BH1T25
92,ex92,BH1T26
93,ex93,BH1T26A
94,ex94,BH1T26B
95,ex95,BH1T26C
96,ex96,BH1T27
97,ex97,BH1T27A
98,ex98,BH1T27B
99,ex99,BH1T27C
100,ex100,BH1T28
101,ex101,BH1T28A
102,ex102,BH1T28B
103,ex103,BH1T28C
104,ex104,BH1T29
105,ex105,BH1T29A
106,ex106,BH1T29B
107,ex107,BH1T29C
108,ex108,BH1T30
109,ex109,BH1T30A
110,ex110,BH1T30B
111,ex111,BH1T30C
112,ex112,BH1T31
113,ex113,BH1T31A
114,ex114,BH1T31B
115,ex115,BH1T31C
116,ex116,BH1T32
117,ex117,BH1T32A
118,ex118,BH1T32B
119,ex119,BH1T32C
120,ex120,BH1T33
121,ex121,BH1T33A
122,ex122,BH1T33B
123,ex123,BH1T33C
124,ex124,BH1T34
125,ex125,BH1T34A
126,ex126,BH1T34B
127,ex127,BH1T34C
128,ex128,BH1T35
129,ex129,BH1T35A
130,ex130,BH1T35B
131,ex131,BH1T35C
132,ex132,BH1T36
133,ex133,BH1T36A
134,ex134,BH1T36B
135,ex135,BH1T36C
136,ex136,BH1T37
137,ex137,BH1T38
138,ex138,BH1T39
139,ex139,BH1T39A
140,ex140,BH1T39B
141,ex141,BH1T39C
142,ex142,BH1T40
143,ex143,BH1T41
144,ex144,BH1T41A
145,ex145,BH1T41B
146,ex146,BH1T41C
147,ex147,BH1T42
148,ex148,BH1T43
149,ex149,BH1T44
150,ex150,BH1T45
151,ex151,BH1T46
152,ex152,BH1T47
153,ex153,BH1T47A
154,ex154,BH1T47B
155,ex155,BH1T47C
156,ex156,BH1T48
157,ex157,BH1T49
158,ex158,BH1T50
159,ex159,BH1T51
160,ex160,BH1T52
161,ex161,DEC01
162,ex162,DEC01A
163,ex163,DEC01B
164,ex164,DEC01C
165,ex165,DEC02
166,ex166,DEC03
167,ex167,DEC03A
168,ex168,DEC03B
169,ex169,DEC03C
170,ex170,DEC04
171,ex171,DEC05
172,ex172,DEC06
173,ex173,DEC07
174,ex174,DEMO_10
175,ex175,DEMO_5
176,ex176,DEMO_8
177,ex177,DIST01
178,ex178,DIST02_SP
179,ex179,DIST03_SP
180,ex180,DIST04_SP
181,ex181,DIST05_SP
182,ex182,DIST06_SP
183,ex183,DIST09_SP
184,ex184,DIST10_SP
185,ex185,DIST11_SP
186,ex186,DISTFB01_SP
187,ex187,DISTFB03_SP
188,ex188,DISTFB04_SP
189,ex189,DISTFB05_SP
190,ex190,DISTFB06_SP
191,ex191,DISTFB07_SP
192,ex192,DISTFB08_SP
193,ex193,DISTFB10_SP
194,ex194,DISTFB11_SP
195,ex195,DISTFB12_SP
196,ex196,DISTFB13_SP
197,ex197,EG-EPS01
198,ex198,EG-EPS01-FIXED
199,ex199,EG-EPS02
200,ex200,EG-EPS03
201,ex201,EG-EPS04
202,ex202,EG-EPS04-FIXED
203,ex203,EG-EPS05
204,ex204,EG-EPS06
205,ex205,EG-EPS07
206,ex206,EG-EPS08
207,ex207,EG-EPS09
208,ex208,EG-EQS01
209,ex209,EG-EQS01-FIXED
210,ex210,EG-EQS02
211,ex211,EG-EQS03
212,ex212,EG-EQS04
213,ex213,EG-EQS04-FIXED
214,ex214,EG-EQS05
215,ex215,EG-EQS06
216,ex216,EG-EQS07
217,ex217,EG-EQS08
218,ex218,EG-EQS09
219,ex219,EG-FACTOR01
220,ex220,EG-FACTOR02
221,ex221,EG-FACTOR03
222,ex222,EG-FACTOR04
223,ex223,EG-FACTOR05
224,ex224,EG-FACTOR06
225,ex225,EG-FACTOR07
226,ex226,EG-FACTOR08
227,ex227,EG-FACTOR09
228,ex228,EG-FACTOR10
229,ex229,EG-FACTOR11
230,ex230,EG-FACTOR12
231,ex231,EG-FACTOR13
232,ex232,EG-FACTOR14
233,ex233,EG-FACTOR15
234,ex234,EG-FACTOR16
235,ex235,EG-FACTOR17
236,ex236,EG-FACTOR18
237,ex237,EG-FACTOR19
238,ex238,EG-FACTOR20
239,ex239,EG-FACTOR21
240,ex240,EG-FACTOR22
241,ex241,EG-FACTOR23
242,ex242,EG-FACTOR24
243,ex243,EG-FACTOR25
244,ex244,EG-FACTOR26
245,ex245,EG-FACTOR27
246,ex246,EG-FACTOR28
247,ex247,EG-FACTOR29
248,ex248,EG-FACTOR30
249,ex249,EG-FACTOR31
250,ex250,EG-FACTOR32
251,ex251,EG-FACTOR33
252,ex252,EG-FACTOR34
253,ex253,EG-FACTOR35
254,ex254,EG-FACTOR36
255,ex255,EG-FACTOR37
256,ex256,EG-FACTOR38
257,ex257,EG-FACTOR39
258,ex258,EG-FACTOR40
259,ex259,EG-FACTOR41
260,ex260,EG-FACTOR42
261,ex261,EG-FACTOR43
262,ex262,EG-FACTOR44
263,ex263,EG-FACTOR45
264,ex264,EG-FACTOR46
265,ex265,EG-FACTOR47
266,ex266,EG-FACTOR48
267,ex267,EG-FACTOR49
268,ex268,EG-FACTOR50
269,ex269,EG-S-FACTOR01
270,ex270,EG-S-FACTOR02
271,ex271,EG-S-FACTOR03
272,ex272,EG-S-FACTOR04
273,ex273,EG-S-FACTOR05
274,ex274,EG-S-FACTOR06
275,ex275,EG-S-FACTOR07
276,ex276,EG-S-FACTOR08
277,ex277,EG-S-FACTOR09
278,ex278,EG-S-FACTOR10
279,ex279,EG-S-FACTOR11
280,ex280,EG-S-FACTOR12
281,ex281,EG-S-FACTOR13
282,ex282,EG-S-FACTOR14
283,ex283,EG-S-FACTOR15
284,ex284,EG-S-FACTOR16
285,ex285,EG-S-FACTOR17
286,ex286,EG-S-FACTOR18
287,ex287,EG-S-FACTOR19
288,ex288,EG-S-FACTOR20
289,ex289,EG-S-FACTOR21
290,ex290,EG-S-FACTOR22
291,ex291,EG-S-FACTOR23
292,ex292,EG-S-FACTOR24
293,ex293,EG-S-FACTOR25
294,ex294,EG-S-FACTOR26
295,ex295,EG-S-FACTOR27
296,ex296,EG-S-FACTOR28
297,ex297,EG-S-FACTOR29
298,ex298,EG-S-FACTOR30
299,ex299,EG1
300,ex300,EG1-FIXED
301,ex301,EG10
302,ex302,EG10A
303,ex303,EG10B
304,ex304,EG10C
305,ex305,EG11
306,ex306,EG11A
307,ex307,EG11B
308,ex308,EG11C
309,ex309,EG12
310,ex310,EG12B
311,ex311,EG12C
312,ex312,EG13
313,ex313,EG13A
314,ex314,EG14
315,ex315,EG14A
316,ex316,EG15
317,ex317,EG15A
318,ex318,EG16
319,ex319,EG16A
320,ex320,EG17
321,ex321,EG17A
322,ex322,EG18
323,ex323,EG18A
324,ex324,EG19
325,ex325,EG19A
326,ex326,EG2
327,ex327,EG2-FIXED
328,ex328,EG20
329,ex329,EG20A
330,ex330,EG21
331,ex331,EG22
332,ex332,EG23
333,ex333,EG24
334,ex334,EG25
335,ex335,EG26
336,ex336,EG27
337,ex337,EG28
338,ex338,EG29
339,ex339,EG3
340,ex340,EG3-FIXED
341,ex341,EG30
342,ex342,EG31
343,ex343,EG32
344,ex344,EG32A
345,ex345,EG32B
346,ex346,EG32C
347,ex347,EG33
348,ex348,EG33A
349,ex349,EG33B
350,ex350,EG33C
351,ex351,EG34
352,ex352,EG34A
353,ex353,EG34B
354,ex354,EG34C
355,ex355,EG35
356,ex356,EG35A
357,ex357,EG35B
358,ex358,EG35C
359,ex359,EG36
360,ex360,EG36A
361,ex361,EG36B
362,ex362,EG36C
363,ex363,EG37
364,ex364,EG37A
365,ex365,EG37B
366,ex366,EG37C
367,ex367,EG38
368,ex368,EG38A
369,ex369,EG38B
370,ex370,EG38C
371,ex371,EG39
372,ex372,EG39A
373,ex373,EG39B
374,ex374,EG39C
375,ex375,EG4
376,ex376,EG4-FIXED
377,ex377,EG40
378,ex378,EG41
379,ex379,EG42
380,ex380,EG42A
381,ex381,EG42B
382,ex382,EG42C
383,ex383,EG43
384,ex384,EG43A
385,ex385,EG44
386,ex386,EG45
387,ex387,EG45A
388,ex388,EG46
389,ex389,EG46A
390,ex390,EG47
391,ex391,EG47A
392,ex392,EG48
393,ex393,EG48A
394,ex394,EG49
395,ex395,EG49A
396,ex396,EG5
397,ex397,EG5-FIXED
398,ex398,EG50
399,ex399,EG50A
400,ex400,EG51
401,ex401,EG51A
402,ex402,EG52
403,ex403,EG52A
404,ex404,EG53
405,ex405,EG53A
406,ex406,EG54
407,ex407,EG55
408,ex408,EG55A
409,ex409,EG56
410,ex410,EG56A
411,ex411,EG57
412,ex412,EG57A
413,ex413,EG58
414,ex414,EG58A
415,ex415,EG59
416,ex416,EG59A
417,ex417,EG5A
418,ex418,EG5B
419,ex419,EG5C
420,ex420,EG6
421,ex421,EG6-FIXED
422,ex422,EG60
423,ex423,EG61
424,ex424,EG62
425,ex425,EG62A
426,ex426,EG63
427,ex427,EG63A
428,ex428,EG6A
429,ex429,EG6B
430,ex430,EG6C
431,ex431,EG7
432,ex432,EG7A
433,ex433,EG7B
434,ex434,EG7C
435,ex435,EG8
436,ex436,EG8A
437,ex437,EG8B
438,ex438,EG8C
439,ex439,EG9
440,ex440,EG9A
441,ex441,EG9B
442,ex442,EG9C
443,ex443,EMX03
444,ex444,EMX03A
445,ex445,EMX03B
446,ex446,EMX03C
447,ex447,EMX04
448,ex448,EMX04A
449,ex449,EMX04B
450,ex450,EMX04C
451,ex451,FBSMR1
452,ex452,FBSMR2
453,ex453,FBSMR3
454,ex454,FEB01
455,ex455,FEB02
456,ex456,FEB03
457,ex457,FEB04
458,ex458,FEB05
459,ex459,FEB06
460,ex460,FEB07
461,ex461,FEB08
462,ex462,FEB09
463,ex463,FEB11
464,ex464,FEB12
465,ex465,FEB13
466,ex466,FOR01
467,ex467,FOR02
468,ex468,FOR05
469,ex469,FOR06
470,ex470,FOR06A
471,ex471,FOR06B
472,ex472,FOR06C
473,ex473,FOR07
474,ex474,FOR08_SP
475,ex475,IPCBABY
476,ex476,IPCBASEBALL
477,ex477,IPCCHEF
478,ex478,IPCEVEREST
479,ex479,IPCPAIGE
480,ex480,IPCRETIREMENT
481,ex481,IPCSNOW
482,ex482,IPCSWIMMING
483,ex483,IPCTURDUCKEN
484,ex484,JAN01
485,ex485,JAN03
486,ex486,JAN04
487,ex487,JAN04A
488,ex488,JAN04B
489,ex489,JAN04C
490,ex490,JAN05
491,ex491,JAN06
492,ex492,JAN07
493,ex493,JAN08
494,ex494,JAN09
495,ex495,JAN11
496,ex496,JAN11A
497,ex497,JAN11B
498,ex498,JAN11C
499,ex499,JAN12
500,ex500,JAN13
501,ex501,JAN13A
502,ex502,JAN13B
503,ex503,JAN13C
504,ex504,JAN14
505,ex505,L1FB12
506,ex506,L1FB12A
507,ex507,L1FB12B
508,ex508,L1FB12C
509,ex509,L1FB13
510,ex510,L2FB14
511,ex511,L2FB14A
512,ex512,L2FB14B
513,ex513,L2FB14C
514,ex514,L2FB15
515,ex515,L2FB15A
516,ex516,L2FB15B
517,ex517,L2FB15C
518,ex518,L3FB01
519,ex519,L3JAN02
520,ex520,L3NOV07
521,ex521,L3NOV07A
522,ex522,L3NOV07B
523,ex523,L3NOV07C
524,ex524,L3NOV08
525,ex525,L3NOV10
526,ex526,L3NOV10A
527,ex527,L3NOV10B
528,ex528,L3NOV10C
529,ex529,L3NOV12
530,ex530,L3NOV12A
531,ex531,L3NOV12B
532,ex532,L3NOV12C
533,ex533,L3REAL12
534,ex534,L3REAL21
535,ex535,L3REAL45
536,ex536,L3REAL50
537,ex537,L3_DEMO
538,ex538,L5FB02
539,ex539,L5FB03
540,ex540,L5FB03A
541,ex541,L5FB03B
542,ex542,L5FB03C
543,ex543,L5FB04
544,ex544,L5FB04A
545,ex545,L5FB04B
546,ex546,L5FB04C
547,ex547,L5FB05
548,ex548,L5FB16
549,ex549,L5FB17
550,ex550,L6FB06
551,ex551,L6FB07
552,ex552,L6FB08
553,ex553,L6FB18
554,ex554,L6FB19
555,ex555,LDEMO_4QGRPH
556,ex556,LDEMO_DIST_SP
557,ex557,LDEMO_GRPH
558,ex558,LDEMO_MBGRPH
559,ex559,LDEMO_MSYS
560,ex560,LDEMO_PTPT
561,ex561,LDEMO_PTY
562,ex562,LDEMO_SYS
563,ex563,LDEMO_WKST
564,ex564,LDEMO_WSLVR
565,ex565,LIT1
566,ex566,LIT10
567,ex567,LIT10A
568,ex568,LIT11
569,ex569,LIT11A
570,ex570,LIT12
571,ex571,LIT12A
572,ex572,LIT13
573,ex573,LIT13A
574,ex574,LIT15
575,ex575,LIT15A
576,ex576,LIT16
577,ex577,LIT16A
578,ex578,LIT17
579,ex579,LIT17A
580,ex580,LIT18
581,ex581,LIT18A
582,ex582,LIT19
583,ex583,LIT19A
584,ex584,LIT1A
585,ex585,LIT2
586,ex586,LIT20
587,ex587,LIT20A
588,ex588,LIT21
589,ex589,LIT21A
590,ex590,LIT22
591,ex591,LIT22A
592,ex592,LIT23
593,ex593,LIT23A
594,ex594,LIT24
595,ex595,LIT24A
596,ex596,LIT25
597,ex597,LIT25A
598,ex598,LIT26
599,ex599,LIT26A
600,ex600,LIT27
601,ex601,LIT27A
602,ex602,LIT28
603,ex603,LIT28A
604,ex604,LIT29
605,ex605,LIT29A
606,ex606,LIT2A
607,ex607,LIT3
608,ex608,LIT30
609,ex609,LIT30A
610,ex610,LIT31
611,ex611,LIT31A
612,ex612,LIT32
613,ex613,LIT32A
614,ex614,LIT33
615,ex615,LIT33A
616,ex616,LIT34
617,ex617,LIT34A
618,ex618,LIT35
619,ex619,LIT35A
620,ex620,LIT36
621,ex621,LIT36A
622,ex622,LIT37
623,ex623,LIT37A
624,ex624,LIT38
625,ex625,LIT39
626,ex626,LIT3A
627,ex627,LIT4
628,ex628,LIT40
629,ex629,LIT41
630,ex630,LIT42
631,ex631,LIT43
632,ex632,LIT44
633,ex633,LIT46
634,ex634,LIT46A
635,ex635,LIT47
636,ex636,LIT47A
637,ex637,LIT48
638,ex638,LIT48A
639,ex639,LIT49
640,ex640,LIT49A
641,ex641,LIT4A
642,ex642,LIT5
643,ex643,LIT50
644,ex644,LIT50A
645,ex645,LIT51
646,ex646,LIT51A
647,ex647,LIT52
648,ex648,LIT52A
649,ex649,LIT53
650,ex650,LIT53A
651,ex651,LIT54
652,ex652,LIT54A
653,ex653,LIT55
654,ex654,LIT56
655,ex655,LIT57
656,ex656,LIT57A
657,ex657,LIT58
658,ex658,LIT58A
659,ex659,LIT59
660,ex660,LIT59A
661,ex661,LIT5A
662,ex662,LIT6
663,ex663,LIT60
664,ex664,LIT60A
665,ex665,LIT62
666,ex666,LIT62A
667,ex667,LIT63
668,ex668,LIT63A
669,ex669,LIT64
670,ex670,LIT64A
671,ex671,LIT65
672,ex672,LIT65A
673,ex673,LIT66
674,ex674,LIT66A
675,ex675,LIT67
676,ex676,LIT67A
677,ex677,LIT68
678,ex678,LIT68A
679,ex679,LIT69
680,ex680,LIT69A
681,ex681,LIT6A
682,ex682,LIT7
683,ex683,LIT70
684,ex684,LIT70A
685,ex685,LIT71
686,ex686,LIT72
687,ex687,LIT72A
688,ex688,LIT73
689,ex689,LIT74
690,ex690,LIT74A
691,ex691,LIT75
692,ex692,LIT75A
693,ex693,LIT76
694,ex694,LIT76A
695,ex695,LIT77
696,ex696,LIT77A
697,ex697,LIT78
698,ex698,LIT78A
699,ex699,LIT79
700,ex700,LIT79A
701,ex701,LIT7A
702,ex702,LIT8
703,ex703,LIT80
704,ex704,LIT80A
705,ex705,LIT81
706,ex706,LIT81A
707,ex707,LIT82
708,ex708,LIT82A
709,ex709,LIT83
710,ex710,LIT83A
711,ex711,LIT84
712,ex712,LIT85
713,ex713,LIT86
714,ex714,LIT87
715,ex715,LIT88
716,ex716,LIT89
717,ex717,LIT8A
718,ex718,LIT9
719,ex719,LIT9A
720,ex720,NEWQUAD10TRE
721,ex721,NEWQUAD11TRE
722,ex722,NEWQUAD1TRE
723,ex723,NEWQUAD2TRE
724,ex724,NEWQUAD3TRE
725,ex725,NEWQUAD4TRE
726,ex726,NEWQUAD5TRE
727,ex727,NEWQUAD6TRE
728,ex728,NEWQUAD7TRE
729,ex729,NEWQUAD8TRE
730,ex730,NEWQUAD9TRE
731,ex731,NEWS01
732,ex732,NEWS01A
733,ex733,NEWS01B
734,ex734,NEWS01C
735,ex735,NEWS02
736,ex736,NEWSQUARE1TRE
737,ex737,NEWSQUARE2TRE
738,ex738,NEWSQUARE3TRE
739,ex739,NEWSQUARE4TRE
740,ex740,NEWSQUARE5TRE
741,ex741,NEWSQUARE7TRE
742,ex742,NEWSQUARE8TRE
743,ex743,NOV04
744,ex744,NOV04A
745,ex745,NOV04B
746,ex746,NOV04C
747,ex747,NOV05
748,ex748,NOV06
749,ex749,NOV09
750,ex750,NOV11
751,ex751,NOV13
752,ex752,NOV14
753,ex753,P-2X+5YGT10
754,ex754,P-2X+YLE9
755,ex755,P-2X-2YGE9
756,ex756,P-3X-7YLE14
757,ex757,P-3X-YLT6
758,ex758,PERCENT01
759,ex759,PERCENT01A
760,ex760,PERCENT01B
761,ex761,PERCENT01C
762,ex762,PERCENT02
763,ex763,PERCENT03
764,ex764,PERCENT03A
765,ex765,PERCENT03B
766,ex766,PERCENT03C
767,ex767,PERCENT04
768,ex768,PERCENT04A
769,ex769,PERCENT04B
770,ex770,PERCENT04C
771,ex771,PERCENT05
772,ex772,PERCENT05A
773,ex773,PERCENT05B
774,ex774,PERCENT05C
775,ex775,PERCENT06
776,ex776,PERCENT07
777,ex777,PERCENT08
778,ex778,PERCENT09
779,ex779,PERCENT10
780,ex780,PERCENT11
781,ex781,PERCENT12
782,ex782,PERCENT14
783,ex783,PERCENT14A
784,ex784,PERCENT14B
785,ex785,PERCENT14C
786,ex786,PERCENT15
787,ex787,PERCENT16
788,ex788,PERCENT17
789,ex789,PERCENT18
790,ex790,PROP01
791,ex791,PROP02
792,ex792,PROP03
793,ex793,PROP04
794,ex794,PROP05
795,ex795,PROP06
796,ex796,PROP07
797,ex797,PROP08
798,ex798,PROP09
799,ex799,PROP10
800,ex800,PROP11
801,ex801,PROP12
802,ex802,PROP13
803,ex803,PROP14
804,ex804,PROP15
805,ex805,PROP16
806,ex806,PROP17
807,ex807,PROP18
808,ex808,PROP19
809,ex809,PSNPOLEVAULT
810,ex810,REAL00
811,ex811,REAL01
812,ex812,REAL02
813,ex813,REAL05
814,ex814,REAL06
815,ex815,REAL10
816,ex816,REAL13
817,ex817,REAL13A
818,ex818,REAL13B
819,ex819,REAL13C
820,ex820,REAL16
821,ex821,REAL17
822,ex822,REAL17A
823,ex823,REAL17B
824,ex824,REAL17C
825,ex825,REAL18_SP
826,ex826,REAL19
827,ex827,REAL19A
828,ex828,REAL19B
829,ex829,REAL19C
830,ex830,REAL20
831,ex831,REAL20A
832,ex832,REAL20B
833,ex833,REAL20C
834,ex834,REAL25
835,ex835,REAL27
836,ex836,REAL28
837,ex837,REAL29
838,ex838,REAL30
839,ex839,REAL31
840,ex840,REAL32
841,ex841,REAL32A
842,ex842,REAL32B
843,ex843,REAL32C
844,ex844,REAL33
845,ex845,REAL35
846,ex846,REAL36
847,ex847,REAL37
848,ex848,REAL48
849,ex849,RXMX1
850,ex850,RXMX1A
851,ex851,RXMX1B
852,ex852,RXMX1C
853,ex853,RXMX_2
854,ex854,RXMX_2A
855,ex855,RXMX_2B
856,ex856,RXMX_2C
857,ex857,RXMX_3
858,ex858,RXMX_3A
859,ex859,RXMX_3B
860,ex860,RXMX_3C
861,ex861,SYS01
862,ex862,SYS02
863,ex863,SYS03
864,ex864,SYS04
865,ex865,SYS05
866,ex866,SYS06
867,ex867,SYS07
868,ex868,SYS08
869,ex869,SYS09
870,ex870,SYS10
871,ex871,SYS18
872,ex872,SYS19
873,ex873,SYSFB02
874,ex874,SYSFB03
875,ex875,SYSFB04
876,ex876,SYSFB05
877,ex877,SYSFB06
878,ex878,SYSFB07
879,ex879,SYSFB08
880,ex880,SYSFB09
881,ex881,SYSFB10
882,ex882,SYSFB11
883,ex883,SYSFB12
884,ex884,SYSFB13
885,ex885,SYSFB14
886,ex886,SYSFB15
887,ex887,SYSFB17
888,ex888,SYSFB18
889,ex889,SYSFB19
890,ex890,SYSFB20
891,ex891,SYSFB21
892,ex892,SYSFB22
893,ex893,SYSFB23
894,ex894,SYSFB24
895,ex895,SYSFB25
896,ex896,TOYSALES
897,ex897,TPH04
898,ex898,TPH11
899,ex899,TPH15
900,ex900,TRANSFORMA001
901,ex901,TRANSFORMA002
902,ex902,TRANSFORMA003
903,ex903,TRANSFORMA004
904,ex904,TRANSFORMA005
905,ex905,TRANSFORMA006
906,ex906,TRANSFORMA007
907,ex907,TRANSFORMA008
908,ex908,TRANSFORMA009
909,ex909,TRANSFORMA010
910,ex910,TRANSFORMA011
911,ex911,TRANSFORMA012
912,ex912,TRANSFORMA013
913,ex913,TRANSFORMA014
914,ex914,TRANSFORMA015
915,ex915,TRANSFORMA016
916,ex916,TRANSFORMA017
917,ex917,TRANSFORMA018
918,ex918,TRANSFORMA019
919,ex919,TRANSFORMA020
920,ex920,TRANSFORMA021
921,ex921,TRANSFORMA022
922,ex922,TRANSFORMA023
923,ex923,TRANSFORMA024
924,ex924,TRANSFORMA031
925,ex925,TRANSFORMA032
926,ex926,TRANSFORMA033
927,ex927,TRANSFORMA034
928,ex928,TRANSFORMA035
929,ex929,TRANSFORMA036
930,ex930,TRANSFORMA037
931,ex931,TRANSFORMA038
932,ex932,TRANSFORMA039
933,ex933,TRANSFORMA040
934,ex934,TRANSFORMA041
935,ex935,TRANSFORMA042
936,ex936,TRANSFORMA043
937,ex937,TRANSFORMA044
938,ex938,TRANSFORMA045
939,ex939,TRANSFORMA046
940,ex940,TRANSFORMA047
941,ex941,TRANSFORMA049
942,ex942,TRANSFORMA050
943,ex943,TRANSFORMA051
944,ex944,TRANSFORMA052
945,ex945,TRANSFORMA053
946,ex946,TRANSFORMA054
947,ex947,TRANSFORMG001
948,ex948,TRANSFORMG002
949,ex949,TRANSFORMG003
950,ex950,TRANSFORMG004
951,ex951,TRANSFORMG005
952,ex952,TRANSFORMG006
953,ex953,TRANSFORMG007
954,ex954,TRANSFORMG008
955,ex955,TRANSFORMG009
956,ex956,TRANSFORMG010
957,ex957,TRANSFORMG011
958,ex958,TRANSFORMG012
959,ex959,TRANSFORMG013
960,ex960,TRANSFORMG014
961,ex961,TRANSFORMG015
962,ex962,TRANSFORMG016
963,ex963,TRANSFORMG017
964,ex964,TRANSFORMG018
965,ex965,TRANSFORMG019
966,ex966,TRANSFORMG020
967,ex967,TRANSFORMG021
968,ex968,TRANSFORMG022
969,ex969,TRANSFORMG023
970,ex970,TRANSFORMG024
971,ex971,TRANSFORMG025
972,ex972,TRANSFORMG026
973,ex973,TRANSFORMG027
974,ex974,TRANSFORMG028
975,ex975,TRANSFORMG035
976,ex976,TRANSFORMG036
977,ex977,TRANSFORMG037
978,ex978,TRANSFORMG038
979,ex979,TRANSFORMG039
980,ex980,TRANSFORMG040
981,ex981,TRANSFORMG041
982,ex982,TRANSFORMG042
983,ex983,TRANSFORMG043
984,ex984,TRANSFORMG044
985,ex985,TRANSFORMG045
986,ex986,TRANSFORMG046
987,ex987,TRANSFORMG047
988,ex988,TRANSFORMG048
989,ex989,TRANSFORMG049
990,ex990,TRANSFORMG050
991,ex991,TRANSFORMG051
992,ex992,TRANSFORMG052
993,ex993,TRANSFORMG053
994,ex994,TRANSFORMG054
995,ex995,TRANSFORMG055
996,ex996,TRANSFORMG056
997,ex997,TRANSFORMG057
998,ex998,TRANSFORMG058
999,ex999,TRANSFORMG059
1000,ex1000,TRANSFORMG061
1001,ex1001,TRANSFORMG062
1002,ex1002,TRANSFORMG063
1003,ex1003,TRANSFORMG064
1004,ex1004,TRANSFORMN001
1005,ex1005,TRANSFORMN002
1006,ex1006,TRANSFORMN003
1007,ex1007,TRANSFORMN004
1008,ex1008,TRANSFORMN005
1009,ex1009,TRANSFORMN006
1010,ex1010,TRANSFORMN007
1011,ex1011,TRANSFORMN008
1012,ex1012,TRANSFORMN009
1013,ex1013,TRANSFORMN010
1014,ex1014,TRANSFORMN011
1015,ex1015,TRANSFORMN012
1016,ex1016,TRANSFORMN013
1017,ex1017,TRANSFORMN014
1018,ex1018,TRANSFORMN015
1019,ex1019,TRANSFORMN016
1020,ex1020,TRANSFORMN017
1021,ex1021,TRANSFORMN018
1022,ex1022,TRANSFORMN019
1023,ex1023,TRANSFORMN020
1024,ex1024,TRANSFORMN022
1025,ex1025,TRANSFORMN024
1026,ex1026,TRANSFORMN025
1027,ex1027,TRANSFORMN026
1028,ex1028,TRANSFORMN027
1029,ex1029,TRANSFORMN028
1030,ex1030,TRANSFORMN029
1031,ex1031,TRANSFORMN030
1032,ex1032,TRANSFORMN031
1033,ex1033,TRANSFORMN032
1034,ex1034,TRANSFORMV001
1035,ex1035,TRANSFORMV002
1036,ex1036,TRANSFORMV003
1037,ex1037,TRANSFORMV004
1038,ex1038,TRANSFORMV005
1039,ex1039,TRANSFORMV006
1040,ex1040,TRANSFORMV007
1041,ex1041,TRANSFORMV008
1042,ex1042,TRANSFORMV009
1043,ex1043,TRANSFORMV010
1044,ex1044,TRANSFORMV011
1045,ex1045,TRANSFORMV012
1046,ex1046,TRANSFORMV019
1047,ex1047,TRANSFORMV020
1048,ex1048,TRANSFORMV021
1049,ex1049,TRANSFORMV022
1050,ex1050,TRANSFORMV023
1051,ex1051,TRANSFORMV024
1052,ex1052,TRANSFORMV025
1053,ex1053,TRANSFORMV026
1054,ex1054,TRANSFORMV027
1055,ex1055,TRANSFORMV028
1056,ex1056,TRANSFORMV029
1057,ex1057,TRANSFORMV030
1058,ex1058,TRANSFORMV031
1059,ex1059,TRANSFORMV032
1060,ex1060,TRANSFORMV033
1061,ex1061,TRANSFORMV034
1062,ex1062,TRANSFORMV036
1063,ex1063,TRANSFORMV039
1064,ex1064,TRANSFORMV040
1065,ex1065,TRANSFORMV041
1066,ex1066,TRANSFORMV042
1067,ex1067,X-3YGE20
1068,ex1068,XGE0
1069,ex1069,XLT150
1070,ex1070,YGE0
1071,ex1071,YGE2X+7
1072,ex1072,YGE4X-11
1073,ex1073,YGT-2X
1074,ex1074,YGT-4X-10
1075,ex1075,YGT5X+12
1076,ex1076,YGTX-7
1077,ex1077,YLE-3X-13
1078,ex1078,YLE-7X+20
1079,ex1079,YLEX+7
1080,ex1080,YLT-X-4
1081,ex1081,YLT250
1082,ex1082,YLT2X-5
1083,ex1083,YLT3X+5
